claimed_amount,days_since_policy_start,days_to_report,historical_claim_count,document_count,missing_document_count,date_conflict_count,amount_conflict_count,amount_vs_repair_estimate_ratio,scenario_label
238726.08,194,8,0,2,0,0,0,1.048,normal
193296.77,501,5,1,2,0,0,0,0.933,normal
282659.69,57,13,0,2,0,1,0,0.916,normal
150891.39,544,13,1,4,0,0,0,1.019,normal
286122.74,450,16,1,4,0,0,0,1.105,normal
178552.13,769,15,1,2,0,0,0,1.03,normal
239035.24,393,6,1,3,0,0,0,0.999,normal
85138.38,222,18,1,3,0,0,0,0.956,normal
185873.18,176,16,0,2,0,0,0,1.076,normal
169489.04,808,11,0,2,0,0,0,1.08,normal
166167.19,702,15,0,2,0,0,0,1.01,normal
266870.81,233,4,0,2,1,0,0,0.97,normal
265844.74,355,15,1,3,0,0,0,0.981,normal
287827.69,250,13,0,2,0,0,0,0.977,normal
468195.37,599,15,0,2,1,0,0,0.978,normal
159563.6,332,9,0,3,0,0,0,1.068,normal
262315.1,56,0,6,2,1,0,0,1.357,synthetic_anomaly
187695.53,738,15,0,3,0,0,0,1.063,normal
218557.86,2,83,2,2,1,0,0,1.296,synthetic_anomaly
384390.91,615,20,0,3,0,0,0,1.063,normal
415735.43,425,34,8,3,0,0,0,0.966,synthetic_anomaly
275972.91,720,2,0,3,0,0,0,1.1,normal
188628.31,584,1,1,2,0,0,0,0.931,normal
272730.8,388,8,10,3,2,0,0,0.947,synthetic_anomaly
86320.7,468,18,0,2,1,0,0,1.006,normal
451353.52,12,146,2,0,2,0,0,1.13,synthetic_anomaly
272800.28,122,12,0,2,0,0,0,0.967,normal
147798.45,416,14,2,3,1,0,0,1.118,normal
234707.38,858,0,1,2,0,0,0,1.109,normal
385932.86,668,10,1,2,0,0,0,0.987,normal
214839.58,388,7,1,3,0,0,1,1.01,normal
345247.95,301,20,0,3,0,0,0,0.997,normal
113979.74,816,4,0,4,0,0,0,1.005,normal
156423.38,503,12,0,4,0,0,0,1.02,normal
192343.09,5,105,0,2,3,0,0,1.314,synthetic_anomaly
1406241.89,373,10,0,3,2,0,2,4.884,synthetic_anomaly
86370.94,83,20,0,2,1,0,0,0.955,normal
218145.99,419,3,0,2,0,0,0,1.002,normal
59679.31,414,12,2,2,0,0,0,0.97,normal
178711.01,601,12,0,3,0,0,0,1.076,normal
231525.02,374,19,0,2,0,0,0,1.019,normal
534572.55,230,6,4,1,1,0,0,1.033,synthetic_anomaly
241952.45,51,1,1,2,0,0,0,1.113,normal
142717.56,718,1,0,2,0,0,0,0.994,normal
347480.68,209,4,0,3,0,0,0,1.035,normal
219968.38,407,15,1,2,1,0,0,1.119,normal
135915.91,331,14,0,2,0,0,0,1.085,normal
300002.97,871,2,0,2,0,0,0,1.005,normal
159671.75,524,15,0,2,0,0,0,0.958,normal
293627.83,790,4,2,3,0,0,0,1.009,normal
152152.04,284,3,1,2,0,0,0,1.01,normal
158041.25,597,4,0,3,0,0,0,1.112,normal
199310.04,490,11,0,3,0,0,0,1.051,normal
51525.63,485,2,1,4,1,0,0,1.068,normal
120800.54,718,9,1,2,0,0,0,1.0,normal
123900.15,847,12,1,3,0,1,0,1.087,normal
321649.82,821,9,3,3,0,0,0,1.067,normal
234896.27,438,10,0,2,0,0,0,1.117,normal
251077.5,756,7,0,4,0,0,0,1.076,normal
117663.54,464,8,0,2,1,0,0,0.985,normal
266668.83,246,8,1,2,0,0,0,1.017,normal
151982.48,337,5,1,4,0,0,0,1.015,normal
150619.53,527,6,0,3,0,0,0,1.026,normal
1383097.37,28,139,6,0,2,1,2,4.158,synthetic_anomaly
216221.27,470,3,0,3,0,0,0,1.001,normal
181500.91,891,3,0,2,0,0,0,1.021,normal
176850.5,89,17,0,2,0,0,0,0.925,normal
340644.41,103,1,0,2,0,0,0,0.969,normal
1090168.36,43,64,5,0,2,2,1,2.222,synthetic_anomaly
240941.64,286,5,0,3,0,0,0,1.055,normal
221502.15,73,9,2,2,1,0,0,0.997,normal
222094.52,44,17,0,2,0,0,1,1.067,normal
127686.63,650,11,0,2,0,0,0,1.039,normal
250706.11,429,80,1,1,2,3,1,2.11,synthetic_anomaly
194064.94,107,4,1,2,0,0,0,1.055,normal
297317.95,562,17,1,4,0,0,0,1.048,normal
109737.87,557,4,0,3,0,1,0,1.052,normal
284776.57,711,8,0,2,1,0,0,1.066,normal
161097.84,530,2,2,2,0,0,0,0.944,normal
285573.39,95,17,3,4,0,0,0,1.045,normal
199040.55,693,10,0,2,0,0,0,1.011,normal
218116.54,871,1,1,2,0,0,0,1.01,normal
118849.25,412,14,2,2,0,0,0,1.083,normal
157870.98,170,4,0,3,0,0,0,1.034,normal
168615.73,574,12,1,2,0,0,0,0.963,normal
102895.21,553,15,1,4,0,0,0,1.062,normal
264811.21,651,13,3,4,0,0,0,1.093,normal
275991.51,665,4,2,2,0,0,0,0.989,normal
140914.88,883,0,0,2,0,0,0,1.004,normal
350776.34,303,0,0,3,0,0,0,0.981,normal
130658.11,229,11,1,2,0,0,0,1.076,normal
54259.65,359,19,0,2,0,0,0,1.075,normal
332258.46,324,3,1,2,0,0,0,0.992,normal
157718.91,125,7,1,2,0,0,0,0.959,normal
308840.34,92,12,0,4,1,0,0,0.98,normal
173102.61,133,36,10,2,2,0,0,1.438,synthetic_anomaly
358106.94,73,13,0,4,0,0,0,1.082,normal
225054.4,286,4,1,4,0,0,0,1.068,normal
259295.14,680,15,3,2,0,0,0,1.102,normal
192244.95,252,14,0,2,0,1,0,1.12,normal
216662.62,551,12,0,2,0,0,0,0.99,normal
199791.5,90,2,1,2,0,0,0,1.078,normal
220183.44,251,7,0,2,0,0,0,0.989,normal
202751.5,397,11,0,2,0,0,0,1.048,normal
197643.31,253,7,0,2,0,0,0,1.037,normal
233598.8,368,17,0,2,0,0,0,1.091,normal
310323.82,467,17,0,4,1,0,0,0.986,normal
192920.54,730,19,1,3,0,0,0,0.982,normal
257207.66,721,7,0,4,0,0,0,1.104,normal
262060.63,313,18,3,2,0,0,0,1.122,normal
397014.18,889,20,0,2,0,0,0,1.054,normal
203923.62,541,12,2,3,0,0,0,0.989,normal
173846.05,375,12,0,4,0,0,0,1.088,normal
1237448.6,438,38,1,3,1,0,2,2.15,synthetic_anomaly
162097.35,174,11,0,3,0,0,0,1.099,normal
679927.21,35,36,8,1,2,2,2,4.426,synthetic_anomaly
214401.46,821,12,2,3,0,0,0,1.06,normal
213732.22,99,11,0,3,0,0,0,0.974,normal
281427.17,767,19,0,4,0,0,0,1.103,normal
180251.92,182,9,0,3,0,0,0,1.087,normal
316896.51,608,16,0,2,0,0,0,1.073,normal
234501.31,249,19,0,4,0,0,0,0.938,normal
320522.47,876,13,0,2,0,0,0,0.929,normal
268755.71,711,13,2,3,1,0,0,1.069,normal
172145.29,370,13,1,3,0,0,0,1.05,normal
87176.08,334,18,3,2,0,0,0,1.12,normal
61138.13,104,14,0,3,0,0,0,1.048,normal
134313.89,769,8,3,3,0,0,0,1.056,normal
108021.4,438,49,0,3,2,1,2,2.399,synthetic_anomaly
50697.83,101,8,1,3,0,0,0,1.024,normal
124163.39,233,14,10,1,1,0,0,1.263,synthetic_anomaly
220138.36,651,3,1,2,0,0,0,0.994,normal
100403.95,154,0,3,3,0,0,0,1.065,normal
115237.95,276,18,0,3,0,1,0,1.066,normal
335549.66,151,4,3,2,0,0,0,1.024,normal
194056.2,147,12,0,2,0,0,0,0.97,normal
128374.55,135,0,1,2,0,0,0,0.954,normal
168441.03,411,9,0,3,0,0,0,1.025,normal
219416.69,35,3,1,2,0,0,0,1.118,normal
316976.49,463,3,1,2,0,0,0,1.0,normal
121082.51,549,17,0,3,0,0,0,1.018,normal
185283.43,864,17,0,2,0,0,0,1.086,normal
1719410.81,259,33,1,3,0,0,2,3.459,synthetic_anomaly
341256.06,511,7,0,4,0,0,0,1.106,normal
295396.93,548,8,0,2,0,0,0,1.074,normal
258393.22,244,39,5,3,2,0,0,1.38,synthetic_anomaly
194346.57,886,15,1,2,0,0,0,1.015,normal
192394.28,418,0,3,2,0,0,0,1.042,normal
251879.05,672,5,1,2,0,0,1,1.038,normal
25000,41,3,1,2,0,0,0,1.001,normal
334497.21,305,18,0,3,0,0,0,1.03,normal
225885.22,824,14,0,2,0,0,0,1.01,normal
245089.6,894,3,0,3,0,0,0,1.018,normal
205634.88,193,15,3,2,0,0,0,0.992,normal
228924.84,354,20,0,2,0,0,0,1.009,normal
1200861.2,191,25,2,2,2,0,2,4.887,synthetic_anomaly
210176.13,290,38,2,2,0,1,0,2.2,synthetic_anomaly
159214.1,517,20,1,2,0,0,0,1.015,normal
105016.99,339,15,0,3,0,0,0,1.006,normal
1454858.4,25,113,3,2,3,2,2,2.376,synthetic_anomaly
600551.87,14,40,0,0,3,0,0,1.355,synthetic_anomaly
87967.39,890,20,0,3,0,0,0,1.061,normal
333992.55,414,2,1,3,0,0,0,0.935,normal
201720.8,373,10,2,2,0,0,0,0.987,normal
150090.0,695,2,2,3,0,0,0,1.108,normal
155344.21,220,0,1,3,0,0,0,1.042,normal
120107.37,373,7,4,2,2,0,0,0.966,synthetic_anomaly
306157.37,667,15,1,3,0,0,0,1.054,normal
208881.63,858,13,1,4,0,0,0,1.001,normal
183782.47,129,7,2,2,0,0,0,1.096,normal
107046.14,116,37,5,3,1,0,0,1.457,synthetic_anomaly
203472.77,311,7,0,3,0,0,0,1.02,normal
110574.92,669,10,2,3,0,0,0,0.996,normal
340076.29,670,18,1,4,0,0,0,0.981,normal
202897.36,301,1,0,2,0,0,0,1.024,normal
126004.07,680,14,2,2,0,0,1,0.975,normal
151158.01,884,15,3,2,0,0,0,1.027,normal
314923.75,535,4,2,2,0,0,0,1.025,normal
1057993.42,44,177,4,1,3,2,2,4.226,synthetic_anomaly
401715.62,808,20,1,2,0,0,0,1.119,normal
247424.47,503,7,2,2,0,0,0,1.059,normal
433219.57,502,9,1,2,0,0,0,0.974,normal
114458.45,37,2,1,2,0,0,0,1.003,normal
298100.31,230,41,8,1,1,0,0,1.092,synthetic_anomaly
343721.81,887,18,1,3,0,0,0,1.032,normal
100193.96,853,14,2,3,0,0,0,1.052,normal
232448.31,478,1,0,3,0,0,0,0.996,normal
157810.04,334,9,1,3,0,0,0,1.166,normal
258146.23,571,4,1,2,0,0,0,1.097,normal
294838.97,93,46,2,1,2,3,1,2.566,synthetic_anomaly
246584.67,737,4,0,3,0,0,0,1.031,normal
145508.25,492,16,0,3,0,0,0,1.091,normal
127772.48,769,4,0,3,0,0,1,1.019,normal
250266.71,362,15,0,2,0,0,0,1.061,normal
174070.73,516,67,2,3,1,3,1,2.55,synthetic_anomaly
316094.47,191,13,1,3,0,0,0,1.032,normal
115536.67,725,14,2,2,0,0,0,0.996,normal
153687.25,845,1,2,2,0,0,0,1.15,normal
220078.72,186,7,0,3,0,0,0,1.042,normal
249025.89,167,8,0,2,0,0,0,1.018,normal
205252.77,484,11,0,3,0,0,0,0.995,normal
122312.22,339,19,3,3,0,0,0,1.058,normal
280825.23,510,14,1,4,0,0,0,0.942,normal
218447.65,654,12,0,2,0,0,0,1.097,normal
331203.22,739,7,0,2,0,0,0,1.036,normal
264763.94,421,19,1,2,0,0,0,1.103,normal
184296.71,38,3,0,3,0,0,0,0.986,normal
148091.32,158,20,0,2,0,0,1,0.973,normal
204090.65,679,8,0,2,0,0,0,0.99,normal
157444.29,45,2,2,3,0,0,0,0.969,normal
226894.66,802,19,2,2,0,0,0,1.074,normal
264864.64,376,20,0,3,0,0,0,1.072,normal
245042.56,786,11,1,3,0,0,0,1.045,normal
283958.97,186,13,0,2,0,0,0,0.988,normal
194049.27,864,4,0,2,0,0,0,0.92,normal
248673.47,307,17,1,2,0,0,0,1.14,normal
149408.46,266,3,1,2,0,0,0,1.045,normal
124341.03,88,2,1,2,0,0,0,0.948,normal
112764.26,328,1,0,3,0,0,0,1.055,normal
281366.98,776,10,0,4,0,0,0,1.07,normal
1441142.84,27,77,8,2,4,1,2,4.313,synthetic_anomaly
189288.58,39,5,0,3,0,0,1,1.023,normal
211600.98,640,8,1,2,0,0,0,1.079,normal
285724.43,440,2,0,3,0,0,0,0.973,normal
222167.0,326,7,1,3,0,0,0,0.997,normal
176603.33,202,2,0,2,0,0,0,1.076,normal
208909.53,347,9,9,2,1,0,0,0.944,synthetic_anomaly
192944.6,878,16,0,3,0,0,0,1.082,normal
249902.09,864,11,0,2,0,0,0,1.099,normal
351842.46,824,18,1,3,0,0,0,1.008,normal
242278.29,2,90,1,2,3,0,0,1.205,synthetic_anomaly
145721.3,276,6,1,2,0,0,0,1.071,normal
226487.08,371,4,1,2,0,0,0,1.014,normal
101285.76,463,16,0,2,0,0,1,1.016,normal
979234.7,25,166,7,2,4,3,1,4.288,synthetic_anomaly
253166.19,650,15,2,4,0,0,0,0.871,normal
214196.94,576,7,0,3,0,0,0,0.965,normal
303195.99,688,10,1,3,0,0,0,1.069,normal
367500.86,724,14,0,2,0,0,0,1.053,normal
83896.74,266,2,1,2,0,0,0,1.09,normal
258789.93,537,9,1,2,0,0,0,1.082,normal
326598.71,309,3,1,2,0,0,1,1.056,normal
356654.13,122,19,1,2,0,0,0,1.086,normal
110669.22,118,2,0,4,0,0,0,1.004,normal
228554.13,224,3,1,3,0,0,0,1.027,normal
217852.53,864,16,0,4,0,0,0,0.965,normal
304308.34,708,0,0,2,0,0,0,0.986,normal
111984.25,627,9,1,3,0,0,0,0.881,normal
231324.28,423,19,0,4,0,0,0,1.045,normal
293404.63,498,10,2,4,0,0,0,1.093,normal
213983.49,326,1,0,3,0,1,0,0.908,normal
564913.82,12,136,1,2,2,0,0,1.056,synthetic_anomaly
149257.85,92,12,1,3,0,0,0,0.959,normal
234552.59,11,53,1,1,2,0,0,1.182,synthetic_anomaly
288295.48,887,5,2,2,0,0,0,1.0,normal
25000,214,17,0,2,0,0,0,1.113,normal
85290.6,895,17,3,3,0,0,0,0.981,normal
1193432.93,41,74,7,0,4,2,1,2.236,synthetic_anomaly
1024769.17,297,25,2,1,2,0,1,3.573,synthetic_anomaly
271990.3,761,2,0,2,0,0,0,0.924,normal
178384.12,61,1,3,3,0,0,0,1.112,normal
47806.36,154,14,0,2,0,0,0,0.983,normal
167480.68,683,7,0,2,0,0,0,0.965,normal
101007.96,122,9,0,2,0,0,0,0.983,normal
188049.59,297,12,0,3,1,0,0,1.071,normal
134383.65,126,3,1,2,0,0,0,1.04,normal
253750.26,172,7,1,2,0,0,0,1.058,normal
151024.77,408,9,1,3,0,0,0,1.056,normal
294828.52,795,17,1,3,0,0,0,1.012,normal
229985.91,813,18,0,2,0,0,0,1.026,normal
276211.78,91,35,4,3,2,1,0,3.336,synthetic_anomaly
1249282.05,366,30,0,2,2,0,2,2.616,synthetic_anomaly
99896.26,814,20,3,3,0,1,0,1.086,normal
150767.72,286,0,0,4,0,0,1,1.052,normal
187052.29,821,20,0,3,0,0,0,0.999,normal
1176540.88,148,19,0,2,1,0,2,4.314,synthetic_anomaly
86767.65,410,3,1,2,0,0,0,0.973,normal
129396.7,37,6,0,2,0,0,0,1.08,normal
246991.91,527,2,3,2,0,0,1,1.022,normal
194110.52,87,11,0,2,0,0,0,1.075,normal
152167.04,309,5,0,3,0,0,0,1.083,normal
139685.79,144,11,2,3,0,0,0,0.99,normal
148956.46,369,0,0,4,0,0,0,0.926,normal
301769.78,746,12,2,2,0,0,0,1.095,normal
301424.1,46,8,1,3,0,0,0,0.956,normal
313631.73,348,3,1,4,0,0,1,0.973,normal
131175.6,768,20,1,2,0,0,0,1.112,normal
228010.87,281,15,1,4,0,0,0,1.107,normal
102956.38,181,7,0,4,0,0,0,0.951,normal
402116.84,90,16,0,3,1,0,0,0.913,normal
272135.47,730,2,1,3,0,0,0,1.027,normal
1190437.31,9,118,3,1,1,2,2,4.73,synthetic_anomaly
260273.62,505,6,0,2,0,0,1,1.082,normal
307880.13,67,4,0,3,0,0,0,1.022,normal
228795.66,875,18,0,3,0,0,0,0.964,normal
167874.15,359,9,0,2,0,0,0,1.057,normal
343010.54,110,17,0,3,0,0,0,1.126,normal
122122.11,285,3,0,2,0,0,0,1.082,normal
214650.86,628,15,0,3,0,0,0,1.009,normal
188725.32,590,16,0,2,0,0,0,1.022,normal
